-- phpMyAdmin SQL Dump
-- version 4.9.0.1
-- https://www.phpmyadmin.net/
--
-- Servidor: localhost
-- Tiempo de generación: 06-12-2019 a las 22:49:57
-- Versión del servidor: 10.4.6-MariaDB
-- Versión de PHP: 7.3.9

SET SQL_MODE = "NO_AUTO_VALUE_ON_ZERO";
SET AUTOCOMMIT = 0;
START TRANSACTION;
SET time_zone = "+00:00";


/*!40101 SET @OLD_CHARACTER_SET_CLIENT=@@CHARACTER_SET_CLIENT */;
/*!40101 SET @OLD_CHARACTER_SET_RESULTS=@@CHARACTER_SET_RESULTS */;
/*!40101 SET @OLD_COLLATION_CONNECTION=@@COLLATION_CONNECTION */;
/*!40101 SET NAMES utf8mb4 */;

--
-- Base de datos: `ProyectoFinal`
--

-- --------------------------------------------------------

--
-- Estructura de tabla para la tabla `ADMINISTRADORES`
--

CREATE TABLE `ADMINISTRADORES` (
  `Email` varchar(30) NOT NULL,
  `Contraseña` varchar(30) NOT NULL
) ENGINE=InnoDB DEFAULT CHARSET=latin1;

--
-- Volcado de datos para la tabla `ADMINISTRADORES`
--

INSERT INTO `ADMINISTRADORES` (`Email`, `Contraseña`) VALUES
('admin', '123'),
('admin', 'admin');

-- --------------------------------------------------------

--
-- Estructura de tabla para la tabla `AUTOMOVIL`
--

CREATE TABLE `AUTOMOVIL` (
  `NROCHASIS` varchar(20) NOT NULL,
  `PATENTE` varchar(10) NOT NULL,
  `MARCA` varchar(20) NOT NULL,
  `MODELO` varchar(45) NOT NULL,
  `VALOR` float NOT NULL,
  `GNC` tinyint(1) NOT NULL,
  `OKM` tinyint(1) NOT NULL
) ENGINE=InnoDB DEFAULT CHARSET=utf8;

--
-- Volcado de datos para la tabla `AUTOMOVIL`
--

INSERT INTO `AUTOMOVIL` (`NROCHASIS`, `PATENTE`, `MARCA`, `MODELO`, `VALOR`, `GNC`, `OKM`) VALUES
('123654', '123', 'caca', 'chevrolet', 0, 0, 0),
('9865', '098123', 'ford', 'fiesta', 0, 1, 0);

-- --------------------------------------------------------

--
-- Estructura de tabla para la tabla `CLIENTE`
--

CREATE TABLE `CLIENTE` (
  `DNI` varchar(9) NOT NULL,
  `NOMBRE` varchar(45) NOT NULL,
  `APELLIDO` varchar(45) NOT NULL,
  `TELEFONO` varchar(45) NOT NULL,
  `CALLE` varchar(45) NOT NULL,
  `NUMERO` varchar(45) NOT NULL,
  `FECNACIMIENTO` date NOT NULL,
  `EMAIL` varchar(45) NOT NULL,
  `CONTRASEÑA` varchar(16) NOT NULL,
  `COMERCIAL` tinyint(1) NOT NULL,
  `CUIT` varchar(45) DEFAULT NULL,
  `Localizacion_LOCALIDAD` varchar(45) NOT NULL,
  `Localizacion_PROVINCIA` varchar(45) NOT NULL
) ENGINE=InnoDB DEFAULT CHARSET=utf8;

--
-- Volcado de datos para la tabla `CLIENTE`
--

INSERT INTO `CLIENTE` (`DNI`, `NOMBRE`, `APELLIDO`, `TELEFONO`, `CALLE`, `NUMERO`, `FECNACIMIENTO`, `EMAIL`, `CONTRASEÑA`, `COMERCIAL`, `CUIT`, `Localizacion_LOCALIDAD`, `Localizacion_PROVINCIA`) VALUES
('258741', 'Marcos', 'Peréz', '5268256963', 'calle 7 oeste', '165', '2019-10-08', 'marcos@perez.com', 'marcos123', 0, '', 'GUATRACHE', 'LA PAMPA'),
('38371595', 'Julian', 'Rodriguez', '29546832', 'Fraternidad', '73', '2019-10-24', 'julian@gmail.com', 'julian123', 0, '', 'SANTA ROSA', 'LA PAMPA'),
('52686964', 'Marco', 'Peréz', '5268256964', '20', '1182', '2008-10-15', 'juan@hotmail.com', '123456', 0, '', 'ALPACHIRI', 'LA PAMPA'),
('7777', 'Amparo', 'rodriguez petz', '151617', 'Fraternidad', '09', '2019-10-20', 'admin@admin.com', 'admin', 0, '', 'COLONIA SERE', 'BUENOS AIRES');

-- --------------------------------------------------------

--
-- Estructura de tabla para la tabla `FOTOSXSINIESTRO`
--

CREATE TABLE `FOTOSXSINIESTRO` (
  `NOMBREFOTO` varchar(60) NOT NULL,
  `SINIESTRO_IDSINIESTRO` int(11) NOT NULL
) ENGINE=InnoDB DEFAULT CHARSET=utf8;

--
-- Volcado de datos para la tabla `FOTOSXSINIESTRO`
--

INSERT INTO `FOTOSXSINIESTRO` (`NOMBREFOTO`, `SINIESTRO_IDSINIESTRO`) VALUES
('1571518497327', 7),
('1571518497331', 7),
('1571754818085', 8),
('1571754818094', 8),
('1571754822272', 9),
('1571754822279', 9);

-- --------------------------------------------------------

--
-- Estructura de tabla para la tabla `HOGAR`
--

CREATE TABLE `HOGAR` (
  `CALLE` varchar(30) NOT NULL,
  `NUMERO` int(11) NOT NULL,
  `CODIGOPOSTAL` int(11) NOT NULL,
  `TIPO` enum('CASA','DEPARTAMENTO') NOT NULL,
  `VALOR` float NOT NULL,
  `Localizacion_LOCALIDAD` varchar(45) NOT NULL,
  `Localizacion_PROVINCIA` varchar(45) NOT NULL
) ENGINE=InnoDB DEFAULT CHARSET=utf8;

--
-- Volcado de datos para la tabla `HOGAR`
--

INSERT INTO `HOGAR` (`CALLE`, `NUMERO`, `CODIGOPOSTAL`, `TIPO`, `VALOR`, `Localizacion_LOCALIDAD`, `Localizacion_PROVINCIA`) VALUES
('1', 2, 3, 'CASA', 0, 'ALPACHIRI', 'LA PAMPA'),
('123123', 123, 123123, 'DEPARTAMENTO', 0, 'ALPACHIRI', 'LA PAMPA'),
('12364', 345, 654, 'CASA', 0, 'ALPACHIRI', 'LA PAMPA'),
('20', 152, 6360, 'DEPARTAMENTO', 0, 'GENERAL PICO', 'LA PAMPA'),
('20', 1182, 6343, 'DEPARTAMENTO', 5000000, 'ALPACHIRI', 'LA PAMPA'),
('20', 85236, 6363, 'DEPARTAMENTO', 0, 'COLONIA SERE', 'BUENOS AIRES'),
('258966', 67890, 520, 'CASA', 0, 'GENERAL PICO', 'LA PAMPA'),
('4', 1, 2, 'CASA', 0, 'ALPACHIRI', 'LA PAMPA'),
('456465', 852, 965, 'CASA', 0, 'TOAY', 'LA PAMPA'),
('543254', 5432, 3, 'CASA', 0, 'ALPACHIRI', 'LA PAMPA'),
('7536', 952, 741, 'CASA', 0, 'ALPACHIRI', 'LA PAMPA'),
('8', 5, 2, 'CASA', 0, 'ALPACHIRI', 'LA PAMPA'),
('852', 963, 5252, 'CASA', 0, 'ALPACHIRI', 'LA PAMPA'),
('852963', 6516, 753, 'CASA', 0, 'ALPACHIRI', 'LA PAMPA'),
('95632', 2, 2, 'CASA', 0, 'ALPACHIRI', 'LA PAMPA'),
('962', 12, 3, 'CASA', 0, 'ALPACHIRI', 'LA PAMPA'),
('963', 700, 1, 'CASA', 0, 'ALPACHIRI', 'LA PAMPA'),
('98', 0, 9, 'CASA', 0, 'ALPACHIRI', 'LA PAMPA'),
('adas', 12312, 1231, 'DEPARTAMENTO', 0, 'GENERAL PICO', 'LA PAMPA'),
('calle 7 oeste', 165, 6300, 'CASA', 250000, 'GUATRACHE', 'LA PAMPA'),
('capuchino', 1, 21, 'CASA', 0, 'ALPACHIRI', 'LA PAMPA'),
('chacabuco', 10, 6300, 'CASA', 25000, 'TOAY', 'LA PAMPA'),
('esto', 10, 31, 'CASA', 0, 'ALPACHIRI', 'LA PAMPA'),
('esto', 9753, 6, 'CASA', 0, 'ALPACHIRI', 'LA PAMPA'),
('Fraternidad', 73, 6360, 'DEPARTAMENTO', 2000000, 'GENERAL PICO', 'LA PAMPA'),
('hola', 10, 31, 'CASA', 0, 'ALPACHIRI', 'LA PAMPA'),
('mnmnmn', 123456, 898, 'DEPARTAMENTO', 0, 'GENERAL PICO', 'LA PAMPA'),
('probando', 8654, 6360, 'CASA', 0, 'ALPACHIRI', 'LA PAMPA'),
('pruebaCaca', 213, 636, 'CASA', 0, 'ALPACHIRI', 'LA PAMPA'),
('qweqwe', 98765, 0, 'CASA', 0, 'ALPACHIRI', 'LA PAMPA');

-- --------------------------------------------------------

--
-- Estructura de tabla para la tabla `ITEMS`
--

CREATE TABLE `ITEMS` (
  `CODIGO` int(11) NOT NULL,
  `TIPO` enum('AUTOMOVIL','PERSONA','HOGAR') NOT NULL,
  `DESCRIPCION` varchar(45) NOT NULL,
  `VALOR_MENSUAL` float DEFAULT NULL,
  `COBERTURA` float DEFAULT NULL
) ENGINE=InnoDB DEFAULT CHARSET=utf8;

--
-- Volcado de datos para la tabla `ITEMS`
--

INSERT INTO `ITEMS` (`CODIGO`, `TIPO`, `DESCRIPCION`, `VALOR_MENSUAL`, `COBERTURA`) VALUES
(2, 'AUTOMOVIL', 'INCENDIO TOTAL', 0.2, 80),
(3, 'AUTOMOVIL', 'GRANIZO', 0.08, 30),
(4, 'AUTOMOVIL', 'GRUA', 0.13, 0),
(5, 'AUTOMOVIL', 'GRUA EXTENDIDA', 0.1, 0),
(6, 'AUTOMOVIL', 'INCENDIO PARCIAL', 0.24, 0.6),
(7, 'HOGAR', 'ROBO', 0.05, 2.5),
(8, 'HOGAR', 'INCENDIO TOTAL', 0.09, 50),
(9, 'HOGAR', 'CRISTALES', 0.025, 1),
(10, 'HOGAR', 'INUNDACION', 0.065, 38),
(11, 'HOGAR', 'INCENDIO PARCIAL', 0.075, 45),
(12, 'PERSONA', 'LESION TRABAJO', 1166, 500000),
(13, 'PERSONA', 'MUERTE TRABAJO', 2350, 1750000),
(14, 'PERSONA', 'LESION FAMILIAR', 1300, 750000),
(15, 'PERSONA', 'MUERTE FAMILIAR', 2700, 2000000),
(20, 'AUTOMOVIL', 'TERCEROS', 0.26, 65.21);

-- --------------------------------------------------------

--
-- Estructura de tabla para la tabla `ITEMSXSEGURO`
--

CREATE TABLE `ITEMSXSEGURO` (
  `IDSEGURO` int(11) NOT NULL,
  `ITEM` int(11) NOT NULL
) ENGINE=InnoDB DEFAULT CHARSET=utf8;

--
-- Volcado de datos para la tabla `ITEMSXSEGURO`
--

INSERT INTO `ITEMSXSEGURO` (`IDSEGURO`, `ITEM`) VALUES
(15, 12),
(15, 13),
(18, 7),
(18, 8),
(18, 9),
(19, 7),
(19, 8),
(20, 8),
(20, 9),
(20, 10),
(24, 7),
(24, 8),
(25, 7),
(25, 8),
(26, 8),
(26, 9),
(27, 8),
(28, 7),
(29, 7),
(29, 8),
(30, 7),
(30, 8),
(31, 7),
(32, 7),
(33, 7),
(34, 7),
(34, 8),
(35, 7),
(35, 8),
(36, 7),
(36, 8),
(37, 7),
(38, 9),
(39, 9),
(40, 7),
(40, 8),
(41, 7),
(41, 8),
(42, 7),
(43, 7),
(44, 7),
(44, 8),
(45, 4),
(45, 20);

-- --------------------------------------------------------

--
-- Estructura de tabla para la tabla `LOCALIZACION`
--

CREATE TABLE `LOCALIZACION` (
  `LOCALIDAD` varchar(45) NOT NULL,
  `PROVINCIA` varchar(45) NOT NULL
) ENGINE=InnoDB DEFAULT CHARSET=utf8;

--
-- Volcado de datos para la tabla `LOCALIZACION`
--

INSERT INTO `LOCALIZACION` (`LOCALIDAD`, `PROVINCIA`) VALUES
('ALPACHIRI', 'LA PAMPA'),
('CAPITAL FEDERAL', 'BUENOS AIRES'),
('COLONIA SERE', 'BUENOS AIRES'),
('GENERAL PICO', 'LA PAMPA'),
('GUATRACHE', 'LA PAMPA'),
('LA PLATA', 'BUENOS AIRES'),
('MACACHIN', 'LA PAMPA'),
('SANTA ROSA', 'LA PAMPA'),
('TOAY', 'LA PAMPA'),
('VILLA MAZA', 'BUENOS AIRES');

-- --------------------------------------------------------

--
-- Estructura de tabla para la tabla `NUMEMERGENCIA`
--

CREATE TABLE `NUMEMERGENCIA` (
  `NUMERO` varchar(20) NOT NULL,
  `DESCRIPCION` varchar(45) NOT NULL
) ENGINE=InnoDB DEFAULT CHARSET=utf8;

--
-- Volcado de datos para la tabla `NUMEMERGENCIA`
--

INSERT INTO `NUMEMERGENCIA` (`NUMERO`, `DESCRIPCION`) VALUES
('100', 'Bomberos'),
('101', 'Policia'),
('103', 'Defensa civil'),
('106', 'Emergencia nautica'),
('107', 'Emergencia medica'),
('435xyz', 'Servicio de grua');

-- --------------------------------------------------------

--
-- Estructura de tabla para la tabla `PERSONA`
--

CREATE TABLE `PERSONA` (
  `DNI` varchar(9) NOT NULL,
  `NOMBRE` varchar(45) NOT NULL,
  `APELLIDO` varchar(45) NOT NULL,
  `FECNACIMIENTO` date NOT NULL,
  `ESTADOCIVIL` enum('CASADO','SOLTERO','VIUDO','DIVORCIADO') NOT NULL,
  `PROFESION` varchar(45) NOT NULL
) ENGINE=InnoDB DEFAULT CHARSET=utf8;

--
-- Volcado de datos para la tabla `PERSONA`
--

INSERT INTO `PERSONA` (`DNI`, `NOMBRE`, `APELLIDO`, `FECNACIMIENTO`, `ESTADOCIVIL`, `PROFESION`) VALUES
('123456', 'hola', 'caca', '2019-10-25', 'VIUDO', 'Profesor');

-- --------------------------------------------------------

--
-- Estructura de tabla para la tabla `POLIZA`
--

CREATE TABLE `POLIZA` (
  `NROPOLIZA` int(11) NOT NULL,
  `FECINICIO` date NOT NULL,
  `FECVENCIMIENTO` date NOT NULL,
  `FECPAGO` date DEFAULT NULL,
  `PRECIO` float NOT NULL,
  `Seguro_IDSEGURO` int(11) NOT NULL,
  `Seguro_DNI_CLIENTE` varchar(45) NOT NULL
) ENGINE=InnoDB DEFAULT CHARSET=utf8;

--
-- Volcado de datos para la tabla `POLIZA`
--

INSERT INTO `POLIZA` (`NROPOLIZA`, `FECINICIO`, `FECVENCIMIENTO`, `FECPAGO`, `PRECIO`, `Seguro_IDSEGURO`, `Seguro_DNI_CLIENTE`) VALUES
(5, '1989-00-00', '1988-00-00', NULL, 3516, 15, '7777'),
(8, '1986-00-00', '1983-00-00', NULL, 3300, 18, '38371595'),
(9, '1986-00-00', '1987-00-00', NULL, 350, 19, '258741'),
(10, '1987-00-00', '1988-00-00', NULL, 9000, 20, '52686964'),
(12, '1978-00-00', '2000-00-00', NULL, 172.385, 25, '38371595'),
(13, '1997-00-00', '1994-00-00', NULL, 460, 26, '38371595'),
(14, '2004-00-00', '1994-00-00', NULL, 0.8667, 27, '38371595'),
(15, '2005-00-00', '2001-00-00', NULL, 2.26, 28, '38371595'),
(16, '2004-00-00', '1994-00-00', NULL, 17.283, 29, '38371595'),
(17, '2003-00-00', '1993-00-00', NULL, 4.494, 30, '38371595'),
(18, '2004-00-00', '2002-00-00', NULL, 4.26, 31, '38371595'),
(19, '2004-00-00', '1995-00-00', NULL, 226.185, 32, '38371595'),
(20, '2005-00-00', '2001-00-00', NULL, 370.629, 33, '38371595'),
(21, '2004-00-00', '1987-00-00', NULL, 63.9702, 34, '38371595'),
(22, '2004-00-00', '2002-00-00', NULL, 61.728, 37, '38371595'),
(23, '2004-00-00', '2000-00-00', NULL, 1.31575, 38, '38371595'),
(24, '1997-00-00', '1995-00-00', NULL, 0.001, 39, '38371595'),
(25, '1995-00-00', '1986-00-00', NULL, 172.372, 40, '38371595'),
(26, '1990-00-00', '1995-00-00', NULL, 18525, 41, '38371595'),
(27, '1996-00-00', '1994-00-00', NULL, 15.6155, 42, '38371595'),
(28, '1996-00-00', '2001-00-00', NULL, 0.426, 43, '38371595'),
(29, '1990-00-00', '1994-00-00', NULL, 155.555, 44, '38371595'),
(30, '1996-00-00', '1994-00-00', NULL, 55539, 45, '38371595');

-- --------------------------------------------------------

--
-- Estructura de tabla para la tabla `PRODUCTOR`
--

CREATE TABLE `PRODUCTOR` (
  `IDPRODUCTOR` int(11) NOT NULL,
  `NOMBRE` varchar(30) NOT NULL,
  `APELLIDO` varchar(30) NOT NULL,
  `EMAIL` varchar(30) NOT NULL,
  `CONTRASEÑA` varchar(16) NOT NULL
) ENGINE=InnoDB DEFAULT CHARSET=utf8;

--
-- Volcado de datos para la tabla `PRODUCTOR`
--

INSERT INTO `PRODUCTOR` (`IDPRODUCTOR`, `NOMBRE`, `APELLIDO`, `EMAIL`, `CONTRASEÑA`) VALUES
(1, 'RICARDO', 'RUIBAL', 'RICARDORUIBAL@YAHOO.COM', 'RICARDO123');

-- --------------------------------------------------------

--
-- Estructura de tabla para la tabla `SEGURO`
--

CREATE TABLE `SEGURO` (
  `IDSEGURO` int(11) NOT NULL,
  `DNI_CLIENTE` varchar(45) NOT NULL,
  `TIPO` enum('AUTOMOVIL','PERSONA','HOGAR') NOT NULL,
  `PRODUCTOR_IDPRODUCTOR` int(11) NOT NULL
) ENGINE=InnoDB DEFAULT CHARSET=utf8;

--
-- Volcado de datos para la tabla `SEGURO`
--

INSERT INTO `SEGURO` (`IDSEGURO`, `DNI_CLIENTE`, `TIPO`, `PRODUCTOR_IDPRODUCTOR`) VALUES
(15, '7777', 'PERSONA', 1),
(18, '38371595', 'HOGAR', 1),
(19, '258741', 'HOGAR', 1),
(20, '52686964', 'HOGAR', 1),
(22, '38371595', 'HOGAR', 1),
(23, '38371595', 'HOGAR', 1),
(24, '38371595', 'HOGAR', 1),
(25, '38371595', 'HOGAR', 1),
(26, '38371595', 'HOGAR', 1),
(27, '38371595', 'HOGAR', 1),
(28, '38371595', 'HOGAR', 1),
(29, '38371595', 'HOGAR', 1),
(30, '38371595', 'HOGAR', 1),
(31, '38371595', 'HOGAR', 1),
(32, '38371595', 'HOGAR', 1),
(33, '38371595', 'HOGAR', 1),
(34, '38371595', 'HOGAR', 1),
(35, '38371595', 'HOGAR', 1),
(36, '38371595', 'HOGAR', 1),
(37, '38371595', 'HOGAR', 1),
(38, '38371595', 'HOGAR', 1),
(39, '38371595', 'HOGAR', 1),
(40, '38371595', 'HOGAR', 1),
(41, '38371595', 'HOGAR', 1),
(42, '38371595', 'HOGAR', 1),
(43, '38371595', 'HOGAR', 1),
(44, '38371595', 'HOGAR', 1),
(45, '38371595', 'AUTOMOVIL', 1);

-- --------------------------------------------------------

--
-- Estructura de tabla para la tabla `SEGUROAUTO`
--

CREATE TABLE `SEGUROAUTO` (
  `IDSEGURO` int(11) NOT NULL,
  `AUTOMOVIL_NROCHASIS` varchar(20) NOT NULL,
  `AUTOMOVIL_PATENTE` varchar(10) NOT NULL
) ENGINE=InnoDB DEFAULT CHARSET=utf8;

--
-- Volcado de datos para la tabla `SEGUROAUTO`
--

INSERT INTO `SEGUROAUTO` (`IDSEGURO`, `AUTOMOVIL_NROCHASIS`, `AUTOMOVIL_PATENTE`) VALUES
(45, '9865', '098123');

-- --------------------------------------------------------

--
-- Estructura de tabla para la tabla `SEGUROHOGAR`
--

CREATE TABLE `SEGUROHOGAR` (
  `IDSEGURO` int(11) NOT NULL,
  `HOGAR_CALLE` varchar(30) NOT NULL,
  `HOGAR_NUMERO` int(11) NOT NULL,
  `HOGAR_LOCALIDAD` varchar(45) NOT NULL,
  `HOGAR_PROVINCIA` varchar(45) NOT NULL
) ENGINE=InnoDB DEFAULT CHARSET=utf8;

--
-- Volcado de datos para la tabla `SEGUROHOGAR`
--

INSERT INTO `SEGUROHOGAR` (`IDSEGURO`, `HOGAR_CALLE`, `HOGAR_NUMERO`, `HOGAR_LOCALIDAD`, `HOGAR_PROVINCIA`) VALUES
(18, 'Fraternidad', 73, 'GENERAL PICO', 'LA PAMPA'),
(19, 'calle 7 oeste', 165, 'GUATRACHE', 'LA PAMPA'),
(20, '20', 1182, 'ALPACHIRI', 'LA PAMPA'),
(23, 'pruebaCaca', 213, 'ALPACHIRI', 'LA PAMPA'),
(24, '123123', 123, 'ALPACHIRI', 'LA PAMPA'),
(25, 'mnmnmn', 123456, 'GENERAL PICO', 'LA PAMPA'),
(26, '852963', 6516, 'ALPACHIRI', 'LA PAMPA'),
(27, '12364', 345, 'ALPACHIRI', 'LA PAMPA'),
(28, '852', 963, 'ALPACHIRI', 'LA PAMPA'),
(29, 'qweqwe', 98765, 'ALPACHIRI', 'LA PAMPA'),
(30, '20', 152, 'GENERAL PICO', 'LA PAMPA'),
(31, '7536', 952, 'ALPACHIRI', 'LA PAMPA'),
(32, '258966', 67890, 'GENERAL PICO', 'LA PAMPA'),
(33, '963', 700, 'ALPACHIRI', 'LA PAMPA'),
(34, '95632', 2, 'ALPACHIRI', 'LA PAMPA'),
(35, 'esto', 10, 'ALPACHIRI', 'LA PAMPA'),
(36, 'hola', 10, 'ALPACHIRI', 'LA PAMPA'),
(37, '543254', 5432, 'ALPACHIRI', 'LA PAMPA'),
(38, '962', 12, 'ALPACHIRI', 'LA PAMPA'),
(39, '8', 5, 'ALPACHIRI', 'LA PAMPA'),
(40, 'esto', 9753, 'ALPACHIRI', 'LA PAMPA'),
(41, '98', 0, 'ALPACHIRI', 'LA PAMPA'),
(42, '1', 2, 'ALPACHIRI', 'LA PAMPA'),
(43, '4', 1, 'ALPACHIRI', 'LA PAMPA'),
(44, 'capuchino', 1, 'ALPACHIRI', 'LA PAMPA');

-- --------------------------------------------------------

--
-- Estructura de tabla para la tabla `SEGUROPERSONA`
--

CREATE TABLE `SEGUROPERSONA` (
  `IDSEGURO` int(11) NOT NULL,
  `PERSONA_DNI` varchar(9) NOT NULL
) ENGINE=InnoDB DEFAULT CHARSET=utf8;

--
-- Volcado de datos para la tabla `SEGUROPERSONA`
--

INSERT INTO `SEGUROPERSONA` (`IDSEGURO`, `PERSONA_DNI`) VALUES
(15, '123456');

-- --------------------------------------------------------

--
-- Estructura de tabla para la tabla `SINIESTRO`
--

CREATE TABLE `SINIESTRO` (
  `IDSINIESTRO` int(11) NOT NULL,
  `LATITUD` float NOT NULL,
  `LONGITUD` float NOT NULL,
  `FECHAHORA` datetime NOT NULL,
  `SEGURO_IDSEGURO` int(11) NOT NULL,
  `SEGURO_DNI_CLIENTE` varchar(45) NOT NULL
) ENGINE=InnoDB DEFAULT CHARSET=utf8;

--
-- Volcado de datos para la tabla `SINIESTRO`
--

INSERT INTO `SINIESTRO` (`IDSINIESTRO`, `LATITUD`, `LONGITUD`, `FECHAHORA`, `SEGURO_IDSEGURO`, `SEGURO_DNI_CLIENTE`) VALUES
(7, -35.6694, -63.7615, '2019-10-19 17:54:52', 15, '7777'),
(8, -35.6679, -63.7699, '2019-10-22 11:33:29', 20, '52686964'),
(9, -35.6679, -63.7699, '2019-10-22 11:33:33', 20, '52686964');

--
-- Índices para tablas volcadas
--

--
-- Indices de la tabla `ADMINISTRADORES`
--
ALTER TABLE `ADMINISTRADORES`
  ADD PRIMARY KEY (`Email`,`Contraseña`),
  ADD UNIQUE KEY `Usuario` (`Email`,`Contraseña`);

--
-- Indices de la tabla `AUTOMOVIL`
--
ALTER TABLE `AUTOMOVIL`
  ADD PRIMARY KEY (`NROCHASIS`,`PATENTE`),
  ADD UNIQUE KEY `NROCHASIS_UNIQUE` (`NROCHASIS`),
  ADD UNIQUE KEY `PATENTE_UNIQUE` (`PATENTE`);

--
-- Indices de la tabla `CLIENTE`
--
ALTER TABLE `CLIENTE`
  ADD PRIMARY KEY (`DNI`,`Localizacion_LOCALIDAD`,`Localizacion_PROVINCIA`),
  ADD UNIQUE KEY `DNI` (`DNI`),
  ADD KEY `fk_CLIENTE_Localizacion1_idx` (`Localizacion_LOCALIDAD`,`Localizacion_PROVINCIA`);

--
-- Indices de la tabla `FOTOSXSINIESTRO`
--
ALTER TABLE `FOTOSXSINIESTRO`
  ADD PRIMARY KEY (`NOMBREFOTO`,`SINIESTRO_IDSINIESTRO`),
  ADD KEY `FK_FOTOSXSINIESTRO_SINIESTRO` (`SINIESTRO_IDSINIESTRO`);

--
-- Indices de la tabla `HOGAR`
--
ALTER TABLE `HOGAR`
  ADD PRIMARY KEY (`CALLE`,`NUMERO`,`Localizacion_LOCALIDAD`,`Localizacion_PROVINCIA`),
  ADD KEY `fk_HOGAR_Localizacion1_idx` (`Localizacion_LOCALIDAD`,`Localizacion_PROVINCIA`);

--
-- Indices de la tabla `ITEMS`
--
ALTER TABLE `ITEMS`
  ADD PRIMARY KEY (`CODIGO`);

--
-- Indices de la tabla `ITEMSXSEGURO`
--
ALTER TABLE `ITEMSXSEGURO`
  ADD PRIMARY KEY (`IDSEGURO`,`ITEM`),
  ADD KEY `fk_ADICXSEGURO_ADICIONALES1_idx` (`ITEM`),
  ADD KEY `fk_ADICXSEGURO_SEGUROAUTO1_idx` (`IDSEGURO`);

--
-- Indices de la tabla `LOCALIZACION`
--
ALTER TABLE `LOCALIZACION`
  ADD PRIMARY KEY (`LOCALIDAD`,`PROVINCIA`);

--
-- Indices de la tabla `NUMEMERGENCIA`
--
ALTER TABLE `NUMEMERGENCIA`
  ADD PRIMARY KEY (`NUMERO`);

--
-- Indices de la tabla `PERSONA`
--
ALTER TABLE `PERSONA`
  ADD PRIMARY KEY (`DNI`),
  ADD UNIQUE KEY `DNI_UNIQUE` (`DNI`);

--
-- Indices de la tabla `POLIZA`
--
ALTER TABLE `POLIZA`
  ADD PRIMARY KEY (`NROPOLIZA`,`Seguro_IDSEGURO`,`Seguro_DNI_CLIENTE`),
  ADD UNIQUE KEY `NROPOLIZA_UNIQUE` (`NROPOLIZA`),
  ADD KEY `fk_seguroPoliza` (`Seguro_IDSEGURO`);

--
-- Indices de la tabla `PRODUCTOR`
--
ALTER TABLE `PRODUCTOR`
  ADD PRIMARY KEY (`IDPRODUCTOR`),
  ADD UNIQUE KEY `IDPRODUCTOR_UNIQUE` (`IDPRODUCTOR`);

--
-- Indices de la tabla `SEGURO`
--
ALTER TABLE `SEGURO`
  ADD PRIMARY KEY (`IDSEGURO`,`PRODUCTOR_IDPRODUCTOR`) USING BTREE,
  ADD UNIQUE KEY `idSeguro_UNIQUE` (`IDSEGURO`),
  ADD KEY `fk_SEGURO_PRODUCTOR1_idx` (`PRODUCTOR_IDPRODUCTOR`),
  ADD KEY `fk_SEGURO_CLIENTE1` (`DNI_CLIENTE`);

--
-- Indices de la tabla `SEGUROAUTO`
--
ALTER TABLE `SEGUROAUTO`
  ADD PRIMARY KEY (`IDSEGURO`,`AUTOMOVIL_NROCHASIS`,`AUTOMOVIL_PATENTE`),
  ADD KEY `fk_SEGUROAUTO_AUTOMOVIL1_idx` (`AUTOMOVIL_NROCHASIS`,`AUTOMOVIL_PATENTE`);

--
-- Indices de la tabla `SEGUROHOGAR`
--
ALTER TABLE `SEGUROHOGAR`
  ADD PRIMARY KEY (`IDSEGURO`,`HOGAR_CALLE`,`HOGAR_NUMERO`,`HOGAR_LOCALIDAD`,`HOGAR_PROVINCIA`),
  ADD KEY `fk_SEGUROHOGAR_HOGAR1_idx` (`HOGAR_CALLE`,`HOGAR_NUMERO`,`HOGAR_LOCALIDAD`,`HOGAR_PROVINCIA`);

--
-- Indices de la tabla `SEGUROPERSONA`
--
ALTER TABLE `SEGUROPERSONA`
  ADD PRIMARY KEY (`IDSEGURO`,`PERSONA_DNI`),
  ADD KEY `fk_SEGUROPERSONA_PERSONA1_idx` (`PERSONA_DNI`);

--
-- Indices de la tabla `SINIESTRO`
--
ALTER TABLE `SINIESTRO`
  ADD PRIMARY KEY (`IDSINIESTRO`),
  ADD UNIQUE KEY `IDSINIESTRO_UNIQUE` (`IDSINIESTRO`),
  ADD KEY `Fk_siniestro` (`SEGURO_DNI_CLIENTE`,`SEGURO_IDSEGURO`);

--
-- AUTO_INCREMENT de las tablas volcadas
--

--
-- AUTO_INCREMENT de la tabla `ITEMS`
--
ALTER TABLE `ITEMS`
  MODIFY `CODIGO` int(11) NOT NULL AUTO_INCREMENT, AUTO_INCREMENT=21;

--
-- AUTO_INCREMENT de la tabla `POLIZA`
--
ALTER TABLE `POLIZA`
  MODIFY `NROPOLIZA` int(11) NOT NULL AUTO_INCREMENT, AUTO_INCREMENT=31;

--
-- AUTO_INCREMENT de la tabla `PRODUCTOR`
--
ALTER TABLE `PRODUCTOR`
  MODIFY `IDPRODUCTOR` int(11) NOT NULL AUTO_INCREMENT, AUTO_INCREMENT=2;

--
-- AUTO_INCREMENT de la tabla `SEGURO`
--
ALTER TABLE `SEGURO`
  MODIFY `IDSEGURO` int(11) NOT NULL AUTO_INCREMENT, AUTO_INCREMENT=46;

--
-- AUTO_INCREMENT de la tabla `SINIESTRO`
--
ALTER TABLE `SINIESTRO`
  MODIFY `IDSINIESTRO` int(11) NOT NULL AUTO_INCREMENT, AUTO_INCREMENT=10;

--
-- Restricciones para tablas volcadas
--

--
-- Filtros para la tabla `CLIENTE`
--
ALTER TABLE `CLIENTE`
  ADD CONSTRAINT `fk_CLIENTE_Localizacion1` FOREIGN KEY (`Localizacion_LOCALIDAD`,`Localizacion_PROVINCIA`) REFERENCES `LOCALIZACION` (`LOCALIDAD`, `PROVINCIA`) ON DELETE NO ACTION ON UPDATE NO ACTION;

--
-- Filtros para la tabla `FOTOSXSINIESTRO`
--
ALTER TABLE `FOTOSXSINIESTRO`
  ADD CONSTRAINT `FK_FOTOSXSINIESTRO_SINIESTRO` FOREIGN KEY (`SINIESTRO_IDSINIESTRO`) REFERENCES `SINIESTRO` (`IDSINIESTRO`);

--
-- Filtros para la tabla `HOGAR`
--
ALTER TABLE `HOGAR`
  ADD CONSTRAINT `fk_HOGAR_Localizacion1` FOREIGN KEY (`Localizacion_LOCALIDAD`,`Localizacion_PROVINCIA`) REFERENCES `LOCALIZACION` (`LOCALIDAD`, `PROVINCIA`) ON DELETE NO ACTION ON UPDATE NO ACTION;

--
-- Filtros para la tabla `ITEMSXSEGURO`
--
ALTER TABLE `ITEMSXSEGURO`
  ADD CONSTRAINT `fk_ADICXSEGURO_ADICIONALES1` FOREIGN KEY (`ITEM`) REFERENCES `ITEMS` (`CODIGO`) ON DELETE CASCADE ON UPDATE CASCADE,
  ADD CONSTRAINT `fk_ADICXSEGURO_SEGURO1` FOREIGN KEY (`IDSEGURO`) REFERENCES `SEGURO` (`IDSEGURO`) ON DELETE CASCADE ON UPDATE CASCADE;

--
-- Filtros para la tabla `POLIZA`
--
ALTER TABLE `POLIZA`
  ADD CONSTRAINT `fk_seguroPoliza` FOREIGN KEY (`Seguro_IDSEGURO`) REFERENCES `SEGURO` (`IDSEGURO`) ON DELETE NO ACTION ON UPDATE NO ACTION;

--
-- Filtros para la tabla `SEGURO`
--
ALTER TABLE `SEGURO`
  ADD CONSTRAINT `fk_SEGURO_CLIENTE1` FOREIGN KEY (`DNI_CLIENTE`) REFERENCES `CLIENTE` (`DNI`) ON DELETE CASCADE ON UPDATE CASCADE,
  ADD CONSTRAINT `fk_SEGURO_PRODUCTOR1` FOREIGN KEY (`PRODUCTOR_IDPRODUCTOR`) REFERENCES `PRODUCTOR` (`IDPRODUCTOR`) ON DELETE NO ACTION ON UPDATE NO ACTION;

--
-- Filtros para la tabla `SEGUROAUTO`
--
ALTER TABLE `SEGUROAUTO`
  ADD CONSTRAINT `fk_SEGUROAUTO_1` FOREIGN KEY (`IDSEGURO`) REFERENCES `SEGURO` (`IDSEGURO`) ON DELETE CASCADE ON UPDATE CASCADE,
  ADD CONSTRAINT `fk_SEGUROAUTO_AUTOMOVIL1` FOREIGN KEY (`AUTOMOVIL_NROCHASIS`,`AUTOMOVIL_PATENTE`) REFERENCES `AUTOMOVIL` (`NROCHASIS`, `PATENTE`) ON DELETE CASCADE ON UPDATE CASCADE;

--
-- Filtros para la tabla `SEGUROHOGAR`
--
ALTER TABLE `SEGUROHOGAR`
  ADD CONSTRAINT `fk_SEGUROHOGAR_1` FOREIGN KEY (`IDSEGURO`) REFERENCES `SEGURO` (`IDSEGURO`) ON DELETE NO ACTION ON UPDATE NO ACTION,
  ADD CONSTRAINT `fk_SEGUROHOGAR_HOGAR1` FOREIGN KEY (`HOGAR_CALLE`,`HOGAR_NUMERO`) REFERENCES `HOGAR` (`CALLE`, `NUMERO`) ON DELETE NO ACTION ON UPDATE NO ACTION;

--
-- Filtros para la tabla `SEGUROPERSONA`
--
ALTER TABLE `SEGUROPERSONA`
  ADD CONSTRAINT `fk_SEGUROPERSONA_1` FOREIGN KEY (`IDSEGURO`) REFERENCES `SEGURO` (`IDSEGURO`) ON DELETE NO ACTION ON UPDATE NO ACTION,
  ADD CONSTRAINT `fk_SEGUROPERSONA_PERSONA1` FOREIGN KEY (`PERSONA_DNI`) REFERENCES `PERSONA` (`DNI`) ON DELETE NO ACTION ON UPDATE NO ACTION;

--
-- Filtros para la tabla `SINIESTRO`
--
ALTER TABLE `SINIESTRO`
  ADD CONSTRAINT `Fk_siniestro` FOREIGN KEY (`SEGURO_DNI_CLIENTE`,`SEGURO_IDSEGURO`) REFERENCES `SEGURO` (`DNI_CLIENTE`, `IDSEGURO`) ON DELETE NO ACTION ON UPDATE NO ACTION;
COMMIT;

/*!40101 SET CHARACTER_SET_CLIENT=@OLD_CHARACTER_SET_CLIENT */;
/*!40101 SET CHARACTER_SET_RESULTS=@OLD_CHARACTER_SET_RESULTS */;
/*!40101 SET COLLATION_CONNECTION=@OLD_COLLATION_CONNECTION */;
